sid,BUFF,NOT,AND,PI,PO,LP
6,35077,51512,41204,4561,4181,61
4,34448,52221,41244,4561,4181,60
9,35136,51079,41017,4561,4181,62
7,34720,51771,41155,4561,4181,56
11,33269,53192,41140,4561,4181,55
10,33937,52772,41264,4561,4181,62
14,33622,52603,41022,4561,4181,59
12,35276,51107,41101,4561,4181,61
16,34064,52133,41008,4561,4181,61
15,34778,51963,41280,4561,4181,59
19,34126,52383,41164,4561,4181,63
17,33129,53606,41277,4561,4181,55
23,34687,51580,41043,4561,4181,60
22,33197,53890,41453,4561,4181,60
26,34000,51959,40889,4561,4181,63
24,35307,50942,41034,4561,4181,62
28,33801,52928,41274,4561,4181,54
27,34560,51869,41124,4561,4181,60
30,34341,52564,41362,4561,4181,62
29,35580,51199,41299,4561,4181,56
32,34637,52102,41279,4561,4181,51
31,34461,52000,41140,4561,4181,61
34,32740,53533,41046,4561,4181,62
33,34944,51719,41241,4561,4181,62
38,34708,51929,41228,4561,4181,60
36,32552,54301,41336,4561,4181,61
40,34916,51531,41133,4561,4181,57
39,33030,53491,41170,4561,4181,62
47,34926,51431,41088,4561,4181,65
44,34029,52298,41073,4561,4181,62
49,33686,52963,41234,4561,4181,49
48,34219,53432,41735,4561,4181,61
55,35424,50881,41062,4561,4181,62
51,33197,53284,41150,4561,4181,55
57,34500,52317,41318,4561,4181,61
56,33960,52177,40978,4561,4181,60
60,34869,51598,41143,4561,4181,64
58,33783,53084,41343,4561,4181,61
62,33024,53249,41046,4561,4181,57
61,32903,53396,41059,4561,4181,62
66,33355,53832,41503,4561,4181,59
64,34983,51376,41089,4561,4181,61
69,34923,51342,41042,4561,4181,60
67,33790,52723,41166,4561,4181,62
71,34332,52417,41284,4561,4181,62
70,33050,53045,40957,4561,4181,62
74,34508,51751,41039,4561,4181,61
73,33651,53152,41311,4561,4181,54
78,33825,52480,41062,4561,4181,62
75,34954,51219,40996,4561,4181,63
80,33827,52516,41081,4561,4181,62
79,33489,52990,41149,4561,4181,53
84,34308,52545,41336,4561,4181,65
83,34180,52249,41124,4561,4181,61
87,33637,52942,41199,4561,4181,62
85,33841,52472,41066,4561,4181,61
90,34908,50983,40855,4561,4181,55
89,35435,50782,41018,4561,4181,59
96,34381,51892,41046,4561,4181,61
91,34136,52489,41222,4561,4181,61
98,33644,52981,41222,4561,4181,58
97,34768,51409,40998,4561,4181,65
100,33470,52841,41065,4561,4181,65
99,34777,51766,41181,4561,4181,60
102,33360,53205,41192,4561,4181,55
101,33879,53232,41465,4561,4181,54
104,35120,51827,41383,4561,4181,58
103,33980,52687,41243,4561,4181,61
106,34299,52170,41144,4561,4181,56
105,34262,52919,41500,4561,4181,63
109,34585,51926,41165,4561,4181,62
108,34504,51825,41074,4561,4181,60
111,32087,54300,41103,4561,4181,61
110,34006,52317,41071,4561,4181,63
114,34076,52145,41020,4561,4181,63
113,35864,50725,41204,4561,4181,64
116,33216,53033,41034,4561,4181,56
115,33422,53459,41350,4561,4181,62
118,32984,53327,41065,4561,4181,57
117,35166,51075,41030,4561,4181,62
120,34073,52338,41115,4561,4181,56
119,33769,52572,41080,4561,4181,59
126,33748,52913,41240,4561,4181,63
122,34300,51969,41044,4561,4181,55
133,34514,51713,41023,4561,4181,58
130,34808,51397,41012,4561,4181,64
136,34093,51924,40918,4561,4181,60
134,34138,52701,41329,4561,4181,50
138,34379,51726,40962,4561,4181,63
137,33611,53078,41254,4561,4181,50
141,33663,52602,41042,4561,4181,55
139,33008,53609,41218,4561,4181,60
143,34110,52431,41180,4561,4181,59
142,33838,52307,40982,4561,4181,63
147,34554,51693,41033,4561,4181,63
144,35751,52248,41909,4561,4181,54
151,33457,52660,40968,4561,4181,63
148,33226,52765,40905,4561,4181,62
154,34220,52007,41023,4561,4181,62
153,33724,52977,41260,4561,4181,59
156,34025,53072,41458,4561,4181,61
155,34193,52168,41090,4561,4181,63
158,33523,53186,41264,4561,4181,56
157,33349,53208,41188,4561,4181,59
162,32988,53817,41312,4561,4181,62
161,34282,52077,41089,4561,4181,61
164,33873,52922,41307,4561,4181,60
163,34269,52850,41469,4561,4181,49
167,33028,53065,40956,4561,4181,60
165,34473,51546,40919,4561,4181,61
169,33145,52966,40965,4561,4181,63
168,34199,52206,41112,4561,4181,62
173,32181,53772,40886,4561,4181,60
172,34650,52475,41472,4561,4181,58
175,33833,52412,41032,4561,4181,64
174,34406,52463,41344,4561,4181,58
180,33635,52586,41020,4561,4181,62
179,34200,51949,40984,4561,4181,64
184,33973,51980,40886,4561,4181,62
181,33681,53206,41353,4561,4181,62
186,33681,52986,41243,4561,4181,60
185,32925,53796,41270,4561,4181,54
189,34164,52313,41148,4561,4181,61
188,35271,51448,41269,4561,4181,50
191,33745,52522,41043,4561,4181,61
190,32834,53281,40967,4561,4181,62
193,34696,51563,41039,4561,4181,60
192,33846,52361,41013,4561,4181,60
195,34439,51766,41012,4561,4181,60
194,34120,52709,41324,4561,4181,61
198,33643,52558,41010,4561,4181,61
196,34119,52344,41141,4561,4181,56
200,33472,53767,41529,4561,4181,50
199,32900,53875,41297,4561,4181,50
204,33818,52519,41078,4561,4181,60
202,33312,52881,41006,4561,4181,61
208,33059,54034,41456,4561,4181,60
206,33687,53322,41414,4561,4181,56
212,34094,52593,41253,4561,4181,54
209,33947,52506,41136,4561,4181,63
215,33931,52794,41272,4561,4181,57
213,32813,53118,40875,4561,4181,60
217,33274,53241,41167,4561,4181,60
216,33925,52838,41291,4561,4181,50
219,33583,52636,41019,4561,4181,65
218,34862,51765,41223,4561,4181,50
221,33913,52624,41178,4561,4181,64
220,34773,51638,41115,4561,4181,63
223,33324,53105,41124,4561,4181,63
222,35199,51366,41192,4561,4181,62
226,32173,54456,41224,4561,4181,63
224,34932,52089,41420,4561,4181,49
228,33819,52686,41162,4561,4181,61
227,33844,52507,41085,4561,4181,62
230,34062,52271,41076,4561,4181,57
229,33283,53240,41171,4561,4181,61
232,35252,51407,41239,4561,4181,58
231,32706,53517,41021,4561,4181,64
235,33461,53084,41182,4561,4181,59
233,33132,53255,41103,4561,4181,57
239,35025,51720,41282,4561,4181,56
237,34673,51604,41048,4561,4181,58
244,34433,52498,41375,4561,4181,49
243,33545,53232,41298,4561,4181,50
245,33188,53201,41104,4561,4181,63
246,33308,53481,41304,4561,4181,61
247,34825,52002,41323,4561,4181,62
248,34276,51977,41036,4561,4181,64
255,34621,51680,41060,4561,4181,62
256,34532,51393,40872,4561,4181,60
258,32893,53506,41109,4561,4181,62
260,35177,51556,41276,4561,4181,57
261,34259,52084,41081,4561,4181,55
262,33617,53630,41533,4561,4181,62
263,34510,52319,41324,4561,4181,50
264,33087,53616,41261,4561,4181,63
266,35328,50805,40976,4561,4181,61
267,33526,52945,41145,4561,4181,61
268,33284,53793,41448,4561,4181,61
269,33314,53015,41074,4561,4181,63
270,33186,53511,41258,4561,4181,49
271,34138,52251,41104,4561,4181,61
273,34743,51644,41103,4561,4181,62
274,35828,50577,41112,4561,4181,63
276,33785,52754,41179,4561,4181,53
278,33246,52949,41007,4561,4181,60
279,33121,53348,41144,4561,4181,63
281,34154,52439,41206,4561,4181,58
282,33222,52799,40920,4561,4181,62
283,33716,52865,41200,4561,4181,54
286,34302,51835,40978,4561,4181,61
291,33419,52844,41041,4561,4181,64
292,35090,50997,40953,4561,4181,60
293,33486,53047,41176,4561,4181,62
295,35364,50885,41034,4561,4181,61
297,34563,51764,41073,4561,4181,63
298,34322,52473,41307,4561,4181,50
299,33495,52952,41133,4561,4181,64
300,34320,51827,40983,4561,4181,62
302,34572,52159,41275,4561,4181,52
305,32974,53267,41030,4561,4181,61
306,33655,52720,41097,4561,4181,64
308,34019,52766,41302,4561,4181,54
310,32672,53845,41168,4561,4181,63
315,34281,52752,41426,4561,4181,49
316,34659,52354,41416,4561,4181,49
317,32668,54037,41262,4561,4181,61
318,33189,53038,41023,4561,4181,61
319,33169,53330,41159,4561,4181,61
321,33522,52547,40944,4561,4181,61
323,33422,52791,41016,4561,4181,62
324,35170,51401,41195,4561,4181,56
328,33966,52489,41137,4561,4181,61
329,35355,51326,41250,4561,4181,56
330,35539,52088,41723,4561,4181,58
331,34841,52286,41473,4561,4181,56
332,33474,53107,41200,4561,4181,61
334,34201,52494,41257,4561,4181,61
335,34982,51105,40953,4561,4181,62
336,33909,52446,41087,4561,4181,53
337,32858,54383,41530,4561,4181,61
338,34330,52797,41473,4561,4181,61
339,33779,52622,41110,4561,4181,59
340,33063,53994,41438,4561,4181,61
341,34074,52193,41043,4561,4181,56
342,32740,53279,40919,4561,4181,63
343,35111,51296,41113,4561,4181,62
345,32661,53426,40953,4561,4181,62
346,35019,51518,41178,4561,4181,61
347,33212,53051,41041,4561,4181,59
348,33443,52752,41007,4561,4181,60
349,33840,52741,41200,4561,4181,58
350,35464,51087,41185,4561,4181,60
351,35054,51709,41291,4561,4181,50
352,33983,52412,41107,4561,4181,55
354,33338,52815,40986,4561,4181,63
355,33647,52534,41000,4561,4181,62
356,34660,51719,41099,4561,4181,63
357,34197,52694,41355,4561,4181,59
359,32927,53394,41070,4561,4181,58
360,33936,52429,41092,4561,4181,62
361,34314,51847,40990,4561,4181,60
362,33419,53084,41161,4561,4181,61
363,32868,53581,41134,4561,4181,63
366,33710,52421,40975,4561,4181,61
367,35142,50983,40972,4561,4181,61
369,33786,52971,41288,4561,4181,53
371,34850,51991,41330,4561,4181,50
372,32872,53945,41318,4561,4181,64
375,34191,52874,41442,4561,4181,60
376,34561,51698,41039,4561,4181,62
379,35378,50615,40906,4561,4181,65
380,34846,51291,40978,4561,4181,61
381,32791,53594,41102,4561,4181,61
384,34124,52545,41244,4561,4181,61
386,34237,51982,41019,4561,4181,63
387,34872,51935,41313,4561,4181,49
388,34228,52505,41276,4561,4181,59
390,33489,52854,41081,4561,4181,63
393,33615,53256,41345,4561,4181,62
394,33382,52801,41001,4561,4181,60
397,32627,53996,41221,4561,4181,64
398,33261,53086,41083,4561,4181,62
399,33896,52187,40951,4561,4181,61
401,34729,51554,41051,4561,4181,63
402,35281,51980,41540,4561,4181,56
405,34856,51241,40958,4561,4181,60
407,33022,52783,40812,4561,4181,63
408,34763,51560,41071,4561,4181,60
409,33083,53742,41322,4561,4181,60
411,35139,51862,41410,4561,4181,58
412,34241,51998,41029,4561,4181,62
413,34717,51900,41218,4561,4181,58
416,33264,53139,41111,4561,4181,61
418,32599,53486,40952,4561,4181,63
419,34579,51830,41114,4561,4181,63
420,34763,51794,41188,4561,4181,56
421,34886,52733,41719,4561,4181,58
422,34269,52494,41291,4561,4181,63
423,33277,52792,40944,4561,4181,64
424,34588,51215,40811,4561,4181,60
425,33869,52628,41158,4561,4181,62
427,33737,52876,41216,4561,4181,59
428,35360,51015,41097,4561,4181,60
429,33511,52684,41007,4561,4181,60
430,34767,51762,41174,4561,4181,55
432,34231,52398,41224,4561,4181,54
433,33459,52674,40976,4561,4181,63
434,34892,51885,41298,4561,4181,51
435,34269,51860,40974,4561,4181,61
439,34658,51761,41119,4561,4181,64
442,33641,52796,41128,4561,4181,58
444,33204,53189,41106,4561,4181,56
445,33731,52580,41065,4561,4181,65
447,33074,53479,41186,4561,4181,65
450,33742,52913,41237,4561,4181,54
451,34038,52647,41252,4561,4181,64
452,35275,50918,41006,4561,4181,62
453,33974,52425,41109,4561,4181,63
454,34172,52699,41345,4561,4181,57
458,32189,54126,41067,4561,4181,63
459,33302,53377,41249,4561,4181,60
461,34115,52546,41240,4561,4181,55
462,33461,52662,40971,4561,4181,61
464,32920,54231,41485,4561,4181,61
465,33499,53496,41407,4561,4181,54
467,33358,53687,41432,4561,4181,62
468,35616,50753,41094,4561,4181,58
469,36112,50065,40998,4561,4181,62
472,34829,51994,41321,4561,4181,50
473,35369,51096,41142,4561,4181,61
475,33559,52946,41162,4561,4181,63
477,34727,51914,41230,4561,4181,58
481,34256,52695,41385,4561,4181,49
482,33017,53358,41097,4561,4181,60
483,35190,51369,41189,4561,4181,60
484,34088,52825,41366,4561,4181,59
485,32933,53618,41185,4561,4181,55
486,33163,53608,41295,4561,4181,61
487,33600,52639,41029,4561,4181,61
488,33753,52682,41127,4561,4181,64
489,33264,53573,41328,4561,4181,64
490,35213,51228,41130,4561,4181,62
493,33761,53072,41326,4561,4181,60
495,33572,53169,41280,4561,4181,49
497,34864,51565,41124,4561,4181,61
498,33323,52990,41066,4561,4181,62
499,35027,51624,41235,4561,4181,62
500,34187,51926,40966,4561,4181,61
501,33934,52651,41202,4561,4181,54
503,34095,52342,41128,4561,4181,59
504,35071,51388,41139,4561,4181,55
505,33473,52936,41114,4561,4181,63
506,34663,51462,40972,4561,4181,55
507,33287,52900,41003,4561,4181,61
509,33982,52377,41089,4561,4181,56
510,33692,52885,41198,4561,4181,56
511,33332,53957,41554,4561,4181,62
514,33578,52989,41193,4561,4181,49
516,33428,52807,41027,4561,4181,60
518,33123,53418,41180,4561,4181,64
519,35160,51145,41062,4561,4181,62
521,33983,52274,41038,4561,4181,57
522,34538,52077,41217,4561,4181,62
523,34734,51857,41205,4561,4181,62
524,34939,51164,40961,4561,4181,58
525,33699,53106,41312,4561,4181,56
529,34031,52886,41368,4561,4181,49
530,33211,53172,41101,4561,4181,59
531,35081,51658,41279,4561,4181,56
534,34138,52369,41163,4561,4181,59
535,32935,54378,41566,4561,4181,62
536,34376,51967,41081,4561,4181,62
540,34001,52554,41187,4561,4181,62
541,33887,52440,41073,4561,4181,62
542,34053,52838,41355,4561,4181,64
545,34780,52631,41615,4561,4181,62
547,34346,52649,41407,4561,4181,61
548,34789,51300,40954,4561,4181,62
550,33719,53256,41397,4561,4181,61
551,33826,52705,41175,4561,4181,55
552,34999,51818,41318,4561,4181,49
556,33261,52922,41001,4561,4181,62
558,33759,52966,41272,4561,4181,49
559,35060,51507,41193,4561,4181,61
562,33742,52637,41099,4561,4181,59
563,34543,51586,40974,4561,4181,61
564,35158,51461,41219,4561,4181,57
565,32623,54708,41575,4561,4181,50
566,34037,52420,41138,4561,4181,60
567,34516,51639,40987,4561,4181,59
569,33371,52644,40917,4561,4181,63
572,34079,52006,40952,4561,4181,59
573,33525,52568,40956,4561,4181,64
575,35279,51584,41341,4561,4181,63
576,32970,54323,41556,4561,4181,49
577,34761,51720,41150,4561,4181,54
578,34811,51722,41176,4561,4181,61
579,34164,52441,41212,4561,4181,61
581,34990,51543,41176,4561,4181,61
583,34657,51542,41009,4561,4181,56
584,33400,52723,40971,4561,4181,61
585,34608,51821,41124,4561,4181,56
586,33301,53242,41181,4561,4181,50
588,33009,53364,41096,4561,4181,56
590,34552,51813,41092,4561,4181,54
591,34118,52813,41375,4561,4181,62
593,34920,51719,41229,4561,4181,55
594,34342,52275,41218,4561,4181,49
597,34326,51891,41018,4561,4181,63
598,33244,52997,41030,4561,4181,61
599,34521,51786,41063,4561,4181,58
600,34003,52006,40914,4561,4181,60
601,34091,52810,41360,4561,4181,60
603,34279,52396,41247,4561,4181,62
607,33438,53179,41218,4561,4181,59
608,32941,53854,41307,4561,4181,50
609,34442,52353,41307,4561,4181,63
610,34881,51730,41215,4561,4181,54
611,34439,52270,41264,4561,4181,55
613,35328,51397,41272,4561,4181,55
616,34576,51615,41005,4561,4181,63
617,32558,54229,41303,4561,4181,58
619,33346,53629,41397,4561,4181,62
620,32547,54094,41230,4561,4181,60
621,33171,53670,41330,4561,4181,60
622,32909,52890,40809,4561,4181,63
624,32477,53720,41008,4561,4181,62
627,34819,51934,41286,4561,4181,57
628,34819,52530,41584,4561,4181,61
629,33408,52887,41057,4561,4181,61
630,33101,53242,41081,4561,4181,64
631,33321,52950,41045,4561,4181,61
632,33990,51965,40887,4561,4181,63
633,32897,53354,41035,4561,4181,62
634,34862,51379,41030,4561,4181,58
635,33683,52754,41128,4561,4181,61
636,33438,52933,41095,4561,4181,63
637,34292,51897,41004,4561,4181,56
639,33795,53458,41536,4561,4181,52
641,34237,51946,41001,4561,4181,63
645,34769,51552,41070,4561,4181,62
648,34968,51533,41160,4561,4181,63
649,33616,52483,40959,4561,4181,65
650,33219,53272,41155,4561,4181,58
651,35008,51293,41060,4561,4181,63
653,33824,52415,41029,4561,4181,62
654,34076,52849,41372,4561,4181,66
657,33679,52920,41209,4561,4181,54
660,34169,52098,41043,4561,4181,65
661,34481,52118,41209,4561,4181,56
663,34105,52238,41081,4561,4181,63
666,34021,52918,41379,4561,4181,49
667,34984,51663,41233,4561,4181,65
670,34462,51759,41020,4561,4181,63
672,34348,51783,40975,4561,4181,54
673,33166,53623,41304,4561,4181,64
674,33595,53798,41606,4561,4181,49
676,33898,52813,41265,4561,4181,49
677,32750,53643,41106,4561,4181,63
678,33974,52595,41194,4561,4181,54
682,33933,52560,41156,4561,4181,60
685,33973,52390,41091,4561,4181,58
687,34220,52369,41204,4561,4181,56
688,34381,52180,41190,4561,4181,58
689,33649,52668,41068,4561,4181,62
690,33518,52519,40928,4561,4181,57
693,32922,53201,40971,4561,4181,62
701,33685,52344,40924,4561,4181,65
702,33755,53602,41588,4561,4181,51
705,33097,52976,40946,4561,4181,58
706,32465,54084,41184,4561,4181,56
707,34998,51435,41126,4561,4181,59
709,34473,52044,41168,4561,4181,65
710,34688,51801,41154,4561,4181,56
711,33580,53363,41381,4561,4181,50
712,34083,52368,41135,4561,4181,58
713,34792,51531,41071,4561,4181,56
714,34403,52236,41229,4561,4181,54
717,33475,53240,41267,4561,4181,58
718,33749,52792,41180,4561,4181,51
719,34933,51500,41126,4561,4181,58
720,34238,52391,41224,4561,4181,49
724,33587,52804,41105,4561,4181,59
725,33590,52805,41107,4561,4181,57
726,34471,52564,41427,4561,4181,49
727,33911,52190,40960,4561,4181,63
728,33833,52408,41030,4561,4181,61
729,33800,52643,41131,4561,4181,59
730,33487,52882,41094,4561,4181,60
731,33988,52517,41162,4561,4181,58
732,33429,52784,41016,4561,4181,63
733,33706,52839,41182,4561,4181,62
734,33210,53007,41018,4561,4181,62
735,33346,53021,41093,4561,4181,60
737,35271,51094,41092,4561,4181,58
738,32650,53477,40973,4561,4181,58
739,34649,51796,41132,4561,4181,62
740,34375,52366,41280,4561,4181,59
741,33763,52764,41173,4561,4181,62
742,34363,52152,41167,4561,4181,50
744,33456,53159,41217,4561,4181,62
745,34234,52589,41321,4561,4181,49
747,34420,52349,41294,4561,4181,60
748,32693,54298,41405,4561,4181,61
749,34575,51704,41049,4561,4181,62
751,33918,52839,41288,4561,4181,62
752,33228,53805,41426,4561,4181,49
753,33465,52876,41080,4561,4181,63
754,33768,52327,40957,4561,4181,64
755,33450,52741,41005,4561,4181,63
757,34927,52464,41605,4561,4181,55
759,34150,52405,41187,4561,4181,65
760,34495,52198,41256,4561,4181,61
762,34220,52957,41498,4561,4181,52
763,32356,54157,41166,4561,4181,61
764,34343,52472,41317,4561,4181,58
766,34771,51764,41177,4561,4181,56
767,34069,52348,41118,4561,4181,63
771,33946,53385,41575,4561,4181,58
772,33807,52608,41117,4561,4181,56
773,34333,52106,41129,4561,4181,64
777,34720,51749,41144,4561,4181,59
779,34570,52229,41309,4561,4181,62
780,32771,53790,41190,4561,4181,60
782,35044,51243,41053,4561,4181,60
783,33418,53441,41339,4561,4181,50
785,33610,52659,41044,4561,4181,63
786,34593,51936,41174,4561,4181,58
787,34150,52463,41216,4561,4181,63
788,32954,53645,41209,4561,4181,57
789,33343,52780,40971,4561,4181,58
790,34793,52080,41346,4561,4181,51
791,33654,52777,41125,4561,4181,56
792,32824,53683,41163,4561,4181,64
795,32990,53205,41007,4561,4181,65
796,33548,52503,40935,4561,4181,64
798,34672,51329,40910,4561,4181,60
799,33566,52491,40938,4561,4181,63
802,34143,52110,41036,4561,4181,62
804,34614,51837,41135,4561,4181,62
806,33571,53282,41336,4561,4181,51
807,33741,52396,40978,4561,4181,60
808,35907,50428,41077,4561,4181,59
809,32623,54354,41398,4561,4181,55
811,34235,52290,41172,4561,4181,60
812,35631,51162,41306,4561,4181,61
813,34582,51517,40959,4561,4181,61
814,34886,52267,41486,4561,4181,54
816,33603,53314,41368,4561,4181,59
817,33796,52197,40906,4561,4181,63
818,34697,52528,41522,4561,4181,54
819,35374,50947,41070,4561,4181,63
821,34077,52588,41242,4561,4181,55
822,35279,51722,41410,4561,4181,62
824,34080,52413,41156,4561,4181,61
825,34510,51629,40979,4561,4181,61
826,33245,53066,41065,4561,4181,66
827,33388,53487,41347,4561,4181,62
828,34585,51568,40986,4561,4181,56
829,33409,52764,40996,4561,4181,63
833,33383,53274,41238,4561,4181,54
834,35403,51330,41276,4561,4181,49
835,33221,53158,41099,4561,4181,63
836,34829,51426,41037,4561,4181,60
837,33255,52906,40990,4561,4181,63
838,34256,52455,41265,4561,4181,54
839,33913,52264,40998,4561,4181,64
840,34514,52243,41288,4561,4181,61
842,35416,50817,41026,4561,4181,64
844,32853,53426,41049,4561,4181,61
845,34338,51997,41077,4561,4181,56
846,34055,52272,41073,4561,4181,62
848,35331,50996,41073,4561,4181,63
851,34128,52085,41016,4561,4181,63
852,33421,53380,41310,4561,4181,54
854,33142,53485,41223,4561,4181,61
856,34064,53003,41443,4561,4181,63
858,34787,52398,41502,4561,4181,61
859,33371,52906,41048,4561,4181,62
860,32830,53829,41239,4561,4181,56
863,33096,53087,41001,4561,4181,63
865,35023,51086,40964,4561,4181,62
866,33857,52912,41294,4561,4181,54
867,35825,50568,41106,4561,4181,63
868,35333,51630,41391,4561,4181,62
869,33441,52882,41071,4561,4181,61
870,33556,52615,40995,4561,4181,65
871,33229,53532,41290,4561,4181,61
872,32524,53713,41028,4561,4181,61
873,32891,53184,40947,4561,4181,64
874,33812,52801,41216,4561,4181,62
875,33026,53571,41208,4561,4181,61
876,33956,52371,41073,4561,4181,62
878,33153,53578,41275,4561,4181,62
879,34637,51758,41107,4561,4181,63
881,35079,51106,41002,4561,4181,56
882,33714,53037,41285,4561,4181,50
884,33314,53177,41155,4561,4181,62
885,32981,54008,41404,4561,4181,49
886,34341,52188,41174,4561,4181,59
887,33305,53032,41078,4561,4181,62
888,33474,52893,41093,4561,4181,63
890,33732,52951,41251,4561,4181,55
891,34701,51484,41002,4561,4181,63
892,34376,52347,41271,4561,4181,63
893,34151,52350,41160,4561,4181,58
894,34767,51666,41126,4561,4181,58
896,35228,50757,40902,4561,4181,63
898,35386,51393,41299,4561,4181,64
899,34912,51561,41146,4561,4181,58
900,34240,52245,41152,4561,4181,59
902,33040,53045,40952,4561,4181,56
906,33511,53052,41191,4561,4181,63
907,33172,53455,41223,4561,4181,65
908,33870,52393,41041,4561,4181,62
909,34409,51858,41043,4561,4181,60
910,33855,52802,41238,4561,4181,54
911,32701,53874,41197,4561,4181,61
912,33697,52696,41106,4561,4181,63
913,33621,52300,40870,4561,4181,64
914,32248,54375,41221,4561,4181,61
918,34476,51947,41121,4561,4181,61
919,33140,54105,41532,4561,4181,57
920,32495,54726,41520,4561,4181,56
921,33454,53521,41397,4561,4181,61
922,33814,52301,40967,4561,4181,63
923,34917,51528,41132,4561,4181,61
924,33691,53178,41344,4561,4181,58
925,34761,51684,41132,4561,4181,62
926,33077,53464,41180,4561,4181,64
927,34490,52293,41301,4561,4181,52
929,32993,53974,41393,4561,4181,60
930,34516,52085,41210,4561,4181,50
934,34395,51966,41090,4561,4181,51
936,33534,53331,41342,4561,4181,49
937,35131,51224,41087,4561,4181,60
940,34973,51786,41289,4561,4181,63
941,33771,53438,41514,4561,4181,56
942,33590,52441,40925,4561,4181,60
944,34556,52177,41276,4561,4181,61
945,33673,52478,40985,4561,4181,60
948,34638,51705,41081,4561,4181,63
949,33143,54114,41538,4561,4181,49
950,34170,52447,41218,4561,4181,63
951,34373,52758,41475,4561,4181,61
953,33340,53517,41338,4561,4181,62
955,34030,52835,41342,4561,4181,49
956,34760,51561,41070,4561,4181,62
957,33382,53353,41277,4561,4181,54
958,32472,53971,41131,4561,4181,64
961,34296,52449,41282,4561,4181,59
962,34517,51724,41030,4561,4181,63
963,34870,51809,41249,4561,4181,63
965,32612,54687,41559,4561,4181,57
966,33847,52984,41325,4561,4181,51
967,32322,54223,41182,4561,4181,54
969,34618,51573,41005,4561,4181,63
970,33207,52902,40964,4561,4181,60
971,32776,54241,41418,4561,4181,63
972,33209,53378,41203,4561,4181,56
976,34003,52830,41326,4561,4181,62
977,34289,52564,41336,4561,4181,51
978,33976,52663,41229,4561,4181,55
979,33988,52627,41217,4561,4181,63
980,34262,51827,40954,4561,4181,60
981,32558,54473,41425,4561,4181,61
983,33900,52673,41196,4561,4181,56
984,34482,52103,41202,4561,4181,63
985,34725,51470,41007,4561,4181,62
986,33354,53347,41260,4561,4181,55
987,33967,52616,41201,4561,4181,60
988,33986,52439,41122,4561,4181,55
989,33945,52980,41372,4561,4181,50
990,35776,50791,41193,4561,4181,60
992,33586,52681,41043,4561,4181,58
993,32471,54030,41160,4561,4181,58
995,34335,51808,40981,4561,4181,62
999,33724,52937,41240,4561,4181,58
1002,33400,52789,41004,4561,4181,62
1003,34474,51779,41036,4561,4181,63
1004,34726,51727,41136,4561,4181,65
1005,32543,54586,41474,4561,4181,49
1009,32945,53732,41248,4561,4181,55
1010,33982,52249,41025,4561,4181,60
1011,35014,51857,41345,4561,4181,62
1012,33886,52865,41285,4561,4181,49
1013,33364,52931,41057,4561,4181,54
1016,34747,51866,41216,4561,4181,62
1017,33544,52663,41013,4561,4181,56
1020,34398,52681,41449,4561,4181,61
1021,33822,52449,41045,4561,4181,61
1022,35716,50627,41081,4561,4181,60
1023,33537,52778,41067,4561,4181,62
1024,33197,53372,41194,4561,4181,60
1025,32970,53497,41143,4561,4181,61
1026,35018,51331,41084,4561,4181,63
1027,33302,52683,40902,4561,4181,60
1028,33391,52690,40950,4561,4181,62
1029,33357,52886,41031,4561,4181,65
1030,34117,52470,41203,4561,4181,55
1035,32767,54044,41315,4561,4181,64
1037,34283,51936,41019,4561,4181,61
1038,34035,52502,41178,4561,4181,56
1039,34658,51513,40995,4561,4181,63
1040,33286,53225,41165,4561,4181,55
1042,34097,52118,41017,4561,4181,62
1043,34512,52017,41174,4561,4181,61
1044,34125,52210,41077,4561,4181,56
1047,33962,52183,40982,4561,4181,62
1050,32363,53912,41047,4561,4181,64
1051,33812,52691,41161,4561,4181,61
1057,33143,53620,41291,4561,4181,62
1058,35397,50928,41072,4561,4181,55
1062,34995,52202,41508,4561,4181,61
1064,33692,52761,41136,4561,4181,58
1065,32831,53318,40984,4561,4181,66
1067,33554,52887,41130,4561,4181,62
1068,35839,50274,40966,4561,4181,61
1069,34465,52500,41392,4561,4181,64
1070,33930,52577,41163,4561,4181,61
1071,34880,51541,41120,4561,4181,56
1072,33960,52311,41045,4561,4181,61
1073,34024,52073,40958,4561,4181,64
1074,33435,52996,41125,4561,4181,59
1075,35099,51464,41191,4561,4181,61
1076,33362,53507,41344,4561,4181,61
1077,33830,52273,40961,4561,4181,62
1078,34382,51837,41019,4561,4181,55
1079,35598,50637,41027,4561,4181,61
1080,32298,54065,41091,4561,4181,59
1082,35291,50868,40989,4561,4181,58
1083,35636,51621,41538,4561,4181,54
1084,33230,53593,41321,4561,4181,61
1085,33834,52549,41101,4561,4181,65
1088,34356,52239,41207,4561,4181,62
1089,34272,51787,40939,4561,4181,59
1090,35119,51124,41031,4561,4181,60
1091,33146,53365,41165,4561,4181,61
1092,34479,52860,41579,4561,4181,63
1093,32509,54026,41177,4561,4181,64
1094,34117,52248,41092,4561,4181,61
1095,34873,51496,41094,4561,4181,60
1098,33788,52335,40971,4561,4181,63
1100,35136,51031,40993,4561,4181,63
1104,34017,52802,41319,4561,4181,65
1105,32981,53424,41112,4561,4181,62
1106,35514,50981,41157,4561,4181,60
1107,32642,54231,41346,4561,4181,62
1108,34082,52365,41133,4561,4181,62
1109,35854,50645,41159,4561,4181,55
1110,33182,53325,41163,4561,4181,64
1112,34484,52523,41413,4561,4181,64
1114,33786,52509,41057,4561,4181,63
1116,35207,51166,41096,4561,4181,62
1118,34493,51938,41125,4561,4181,61
1119,35120,51543,41241,4561,4181,58
1120,34671,51546,41018,4561,4181,59
1121,32518,54309,41323,4561,4181,62
1122,34650,51541,41005,4561,4181,59
1123,35910,50503,41116,4561,4181,61
1124,34280,52299,41199,4561,4181,62
1125,33932,52549,41150,4561,4181,58
1126,32624,53447,40945,4561,4181,64
1127,33824,52637,41140,4561,4181,62
1128,34837,51754,41205,4561,4181,61
1130,34003,52220,41021,4561,4181,62
1132,34328,52007,41077,4561,4181,54
1133,34949,51760,41264,4561,4181,55
1134,33276,52955,41025,4561,4181,62
1135,33755,52614,41094,4561,4181,60
1138,33844,53055,41359,4561,4181,61
1139,34263,52892,41487,4561,4181,53
1140,34455,51972,41123,4561,4181,56
1141,33185,53150,41077,4561,4181,59
1142,33055,53348,41111,4561,4181,63
1145,33703,52910,41216,4561,4181,61
1146,34408,52365,41296,4561,4181,54
1147,33927,52360,41053,4561,4181,61
1148,33165,53788,41386,4561,4181,59
1149,34374,52181,41187,4561,4181,55
1152,33756,53019,41297,4561,4181,63
1154,33009,53242,41035,4561,4181,67
1155,34679,51632,41065,4561,4181,61
1156,34506,51803,41064,4561,4181,63
1157,35271,50990,41040,4561,4181,60
1159,32475,53676,40985,4561,4181,66
1160,34242,52717,41389,4561,4181,61
1162,33339,52802,40980,4561,4181,60
1164,34581,51930,41165,4561,4181,59
1165,32742,54545,41553,4561,4181,61
1166,33663,53344,41413,4561,4181,62
1167,35360,51245,41212,4561,4181,49
1169,34559,51438,40908,4561,4181,62
1170,34551,51826,41098,4561,4181,60
1171,34127,52302,41124,4561,4181,64
1172,33863,52492,41087,4561,4181,63
1173,34207,52582,41304,4561,4181,64
1174,34453,51808,41040,4561,4181,62
1175,34323,52054,41098,4561,4181,64
1177,35268,51739,41413,4561,4181,65
1178,33394,53057,41135,4561,4181,63
1179,34389,52136,41172,4561,4181,61
1183,33471,52880,41085,4561,4181,57
1185,33104,53147,41035,4561,4181,61
1186,33416,53569,41402,4561,4181,61
1187,34198,51945,40981,4561,4181,61
1188,34441,52820,41540,4561,4181,64
1190,33366,52945,41065,4561,4181,64
1191,32931,53676,41213,4561,4181,61
1192,34496,51859,41087,4561,4181,54
1194,33086,53133,41019,4561,4181,58
1195,34135,52164,41059,4561,4181,63
1197,34596,51983,41199,4561,4181,62
1200,34062,52499,41190,4561,4181,56
1201,34073,52756,41324,4561,4181,49
1202,33846,52623,41144,4561,4181,60
1203,33088,53655,41281,4561,4181,63
1204,34630,52209,41329,4561,4181,49
1205,34947,51758,41262,4561,4181,61
1206,33341,53428,41294,4561,4181,62
1209,33966,52389,41087,4561,4181,63
1210,35023,51392,41117,4561,4181,61
1213,35640,51359,41409,4561,4181,56
1214,33856,52985,41330,4561,4181,54
1215,33967,52372,41079,4561,4181,61
1217,33842,52659,41160,4561,4181,59
1218,34671,51936,41213,4561,4181,62
1219,33955,52698,41236,4561,4181,59
1220,34065,52610,41247,4561,4181,58
1223,33593,53076,41244,4561,4181,62
1224,34496,52611,41463,4561,4181,57
1225,33617,52630,41033,4561,4181,63
1226,35319,51022,41080,4561,4181,60
1227,34210,52545,41287,4561,4181,51
1228,36082,50373,41137,4561,4181,57
1229,33467,52736,41011,4561,4181,60
1230,32998,53365,41091,4561,4181,61
1231,34359,51704,40941,4561,4181,63
1232,33913,52374,41053,4561,4181,61
1233,33982,52757,41279,4561,4181,62
1234,34665,52224,41354,4561,4181,62
1235,34211,52272,41151,4561,4181,63
1236,33571,52714,41052,4561,4181,56
1237,33644,52803,41133,4561,4181,63
1239,34172,52451,41221,4561,4181,54
1240,32980,53231,41015,4561,4181,63
1243,34101,52652,41286,4561,4181,49
1244,33818,52651,41144,4561,4181,60
1245,33894,52689,41201,4561,4181,55
1246,32353,54056,41114,4561,4181,63
1247,32427,54102,41174,4561,4181,63
1248,33220,52977,41008,4561,4181,63
1249,32806,53733,41179,4561,4181,60
1253,32990,53559,41184,4561,4181,66
1254,34219,52926,41482,4561,4181,57
1255,34986,51431,41118,4561,4181,56
1256,34334,52865,41509,4561,4181,61
1259,34213,52292,41162,4561,4181,63
1260,32977,53952,41374,4561,4181,55
1262,33633,52550,41001,4561,4181,62
1263,35241,52208,41634,4561,4181,54
1265,33931,52036,40893,4561,4181,62
1266,33283,53140,41121,4561,4181,60
1267,33628,53251,41349,4561,4181,50
1269,33218,53105,41071,4561,4181,61
1270,34170,52635,41312,4561,4181,58
1271,34308,52837,41482,4561,4181,57
1273,34113,52200,41066,4561,4181,57
1274,33677,52686,41091,4561,4181,60
1275,34300,52111,41115,4561,4181,61
1278,32651,53390,40930,4561,4181,61
1279,33849,53200,41434,4561,4181,62
1280,33310,52947,41038,4561,4181,59
1283,34639,51934,41196,4561,4181,54
1285,34351,52256,41213,4561,4181,64
1286,33389,53802,41505,4561,4181,50
1287,34390,52343,41276,4561,4181,56
1293,34631,51668,41059,4561,4181,62
1294,35346,53219,42192,4561,4181,61
1295,34756,51599,41087,4561,4181,60
1296,33593,52714,41063,4561,4181,62
1299,34883,52232,41467,4561,4181,59
1301,35258,50985,41031,4561,4181,62
1302,33694,53057,41285,4561,4181,58
1308,34365,52112,41148,4561,4181,56
1310,34225,52282,41163,4561,4181,62
1311,34006,52493,41159,4561,4181,58
1312,34053,52454,41163,4561,4181,55
1315,33574,52927,41160,4561,4181,53
1316,34267,51938,41012,4561,4181,59
1317,33609,53246,41337,4561,4181,61
1318,33879,52504,41101,4561,4181,54
1319,34458,52403,41340,4561,4181,49
1320,32593,54380,41396,4561,4181,50
1322,34388,52283,41245,4561,4181,62
1323,33639,52886,41172,4561,4181,62
1326,33658,53411,41444,4561,4181,58
1327,31949,54402,41085,4561,4181,63
1328,33588,52429,40918,4561,4181,61
1329,33382,53361,41281,4561,4181,54
1330,32971,53186,40988,4561,4181,61
1331,33939,52814,41286,4561,4181,49
1332,33379,52906,41052,4561,4181,62
1333,33418,53285,41261,4561,4181,49
1334,33213,53254,41143,4561,4181,63
1335,33086,53523,41214,4561,4181,62
1336,33816,52609,41122,4561,4181,55
1337,34098,52551,41234,4561,4181,66
1338,32567,54096,41241,4561,4181,61
1339,33840,52725,41192,4561,4181,58
1340,34383,52562,41382,4561,4181,59
1341,34581,51894,41147,4561,4181,59
1342,33668,52791,41139,4561,4181,62
1344,33290,53049,41079,4561,4181,63
1345,33180,53237,41118,4561,4181,60
1347,32886,53711,41208,4561,4181,55
1348,33982,52467,41134,4561,4181,56
1350,33485,53088,41196,4561,4181,61
1351,33841,52548,41104,4561,4181,61
1352,35517,51280,41308,4561,4181,63
1353,34130,52005,40977,4561,4181,63
1354,34156,52383,41179,4561,4181,62
1355,32732,53889,41220,4561,4181,63
1359,33975,52540,41167,4561,4181,61
1360,34823,52660,41651,4561,4181,61
1361,34669,51608,41048,4561,4181,58
1362,32834,53661,41157,4561,4181,54
1364,34933,52122,41437,4561,4181,61
1365,33326,52873,41009,4561,4181,61
1366,34036,52545,41200,4561,4181,62
1367,34783,51322,40962,4561,4181,61
1368,35677,50696,41096,4561,4181,58
1369,33488,52763,41035,4561,4181,62
1376,34120,52097,41018,4561,4181,61
1377,32907,53740,41233,4561,4181,53
1379,34046,52649,41257,4561,4181,62
1380,33465,53488,41386,4561,4181,55
1381,33757,52454,41015,4561,4181,63
1382,35058,52803,41840,4561,4181,60
1388,33020,53319,41079,4561,4181,61
1389,34866,52309,41497,4561,4181,61
1390,33593,52362,40887,4561,4181,62
1391,35132,51209,41080,4561,4181,63
1393,32783,53922,41262,4561,4181,64
1394,32704,53703,41113,4561,4181,65
1395,34031,52254,41052,4561,4181,63
1396,33904,52227,40975,4561,4181,61
1397,34744,51697,41130,4561,4181,62
1398,34259,51940,41009,4561,4181,59
1399,34507,51852,41089,4561,4181,62
1400,33528,53009,41178,4561,4181,61
1402,35498,50871,41094,4561,4181,64
1406,33482,52787,41044,4561,4181,61
1407,32816,53401,41018,4561,4181,62
1408,35049,51532,41200,4561,4181,58
1409,33786,52433,41019,4561,4181,60
1410,34093,53040,41476,4561,4181,55
1411,35617,50908,41172,4561,4181,55
1412,34522,52595,41468,4561,4181,55
1413,33906,52039,40882,4561,4181,62
1414,34869,51572,41130,4561,4181,62
1415,35091,51316,41113,4561,4181,55
1416,33615,52666,41050,4561,4181,60
1417,34710,51239,40884,4561,4181,55
1418,33252,52809,40940,4561,4181,61
1420,34608,51627,41027,4561,4181,53
1421,34228,51967,41007,4561,4181,56
1424,32839,53436,41047,4561,4181,59
1425,33333,53148,41150,4561,4181,61
1426,31876,54511,41103,4561,4181,56
1427,33202,53567,41294,4561,4181,58
1428,34872,51321,41006,4561,4181,63
1429,32840,54101,41380,4561,4181,61
1430,33906,52443,41084,4561,4181,62
1433,33546,52911,41138,4561,4181,63
1434,34300,52235,41177,4561,4181,60
1436,33270,53341,41215,4561,4181,54
1437,34503,51842,41082,4561,4181,63
1439,33154,52955,40964,4561,4181,57
1444,35112,51083,41007,4561,4181,62
1446,33539,52944,41151,4561,4181,62
1447,34831,51900,41275,4561,4181,56
1448,33725,52528,41036,4561,4181,63
1449,33485,52866,41085,4561,4181,57
1451,34180,51945,40972,4561,4181,63
1452,32918,53175,40956,4561,4181,63
1453,33906,52719,41222,4561,4181,61
1454,34970,51425,41107,4561,4181,56
1456,34410,51979,41104,4561,4181,58
1457,33697,52406,40961,4561,4181,60
1459,34246,52303,41184,4561,4181,59
1460,32140,54335,41147,4561,4181,66
1461,34126,52181,41063,4561,4181,59
1462,33767,52422,41004,4561,4181,60
1463,33067,53340,41113,4561,4181,62
1464,33325,53588,41366,4561,4181,61
1465,34667,51656,41071,4561,4181,59
1467,34242,52173,41117,4561,4181,62
1470,31839,54434,41046,4561,4181,62
1472,33695,52936,41225,4561,4181,63
1473,32739,53412,40985,4561,4181,62
1475,34009,52076,40952,4561,4181,62
1477,33167,53770,41378,4561,4181,49
1478,34735,52130,41342,4561,4181,64
1483,34854,51997,41335,4561,4181,54
1484,33410,53441,41335,4561,4181,62
1485,33705,52830,41177,4561,4181,62
1486,34169,52652,41320,4561,4181,56
1488,34119,51954,40946,4561,4181,63
1491,34173,52968,41480,4561,4181,51
1492,34052,52377,41124,4561,4181,61
1493,33344,53371,41267,4561,4181,63
1497,34846,51751,41208,4561,4181,56
1498,33268,53839,41463,4561,4181,60
13,34134,52113,41033,4561,4181,60
18,33226,53805,41425,4561,4181,55
20,33701,53718,41619,4561,4181,49
21,32736,54257,41406,4561,4181,61
25,33730,53343,41446,4561,4181,62
35,33501,52934,41127,4561,4181,63
37,33402,53743,41482,4561,4181,49
41,34980,51467,41133,4561,4181,56
42,35103,51342,41132,4561,4181,54
43,34424,52139,41191,4561,4181,61
45,32561,54546,41463,4561,4181,64
46,33290,53075,41092,4561,4181,64
50,34917,52586,41661,4561,4181,65
52,34140,52231,41095,4561,4181,62
53,33689,52596,41052,4561,4181,63
54,33914,52445,41089,4561,4181,57
59,34773,51656,41124,4561,4181,55
63,34233,52240,41146,4561,4181,63
65,33641,52590,41025,4561,4181,63
68,34633,51480,40966,4561,4181,63
72,33956,52629,41202,4561,4181,56
76,33682,52439,40970,4561,4181,60
77,34834,51887,41270,4561,4181,58
81,33568,53327,41357,4561,4181,60
82,35367,51344,41265,4561,4181,59
86,33969,52468,41128,4561,4181,61
88,34466,51725,41005,4561,4181,61
92,32576,54157,41276,4561,4181,57
93,33610,53633,41531,4561,4181,49
94,32701,53626,41073,4561,4181,62
95,35066,51095,40990,4561,4181,60
107,34313,52932,41532,4561,4181,50
112,33425,53666,41455,4561,4181,59
121,33022,53379,41110,4561,4181,60
123,34046,52375,41120,4561,4181,63
124,35872,50485,41088,4561,4181,63
125,34542,52153,41257,4561,4181,59
127,34552,51373,40872,4561,4181,61
128,34319,51838,40988,4561,4181,61
129,33986,52355,41080,4561,4181,62
131,33741,52816,41188,4561,4181,64
132,34339,52334,41246,4561,4181,56
135,33986,52499,41152,4561,4181,63
140,35089,52728,41818,4561,4181,61
145,33554,53265,41319,4561,4181,52
146,34321,51986,41063,4561,4181,63
149,34750,51435,41002,4561,4181,63
150,33820,52405,41022,4561,4181,64
152,34177,52292,41144,4561,4181,62
159,33983,52368,41085,4561,4181,55
160,32489,54518,41413,4561,4181,54
166,34468,51839,41063,4561,4181,55
170,33462,53089,41185,4561,4181,62
171,33081,54062,41481,4561,4181,56
176,33607,52376,40901,4561,4181,62
177,33752,52893,41232,4561,4181,62
178,33671,53242,41366,4561,4181,56
182,34493,51806,41059,4561,4181,62
183,33201,53114,41067,4561,4181,60
187,34897,51826,41271,4561,4181,60
197,33149,52974,40971,4561,4181,61
201,34457,52166,41221,4561,4181,56
203,33724,52867,41205,4561,4181,62
205,33141,53466,41213,4561,4181,49
207,33717,52786,41161,4561,4181,60
210,34223,52772,41407,4561,4181,63
211,33699,52510,41014,4561,4181,63
214,34457,52452,41364,4561,4181,49
225,35297,51388,41252,4561,4181,62
234,33885,52682,41193,4561,4181,51
236,34324,51967,41055,4561,4181,59
238,34631,51632,41041,4561,4181,63
240,33866,52379,41032,4561,4181,65
241,33824,52595,41119,4561,4181,62
242,34908,51583,41155,4561,4181,62
249,34711,52514,41522,4561,4181,56
250,34666,51867,41176,4561,4181,60
251,32580,53693,41046,4561,4181,56
252,34227,52046,41046,4561,4181,58
253,33994,52749,41281,4561,4181,61
254,33417,53014,41125,4561,4181,62
257,34979,51554,41176,4561,4181,60
259,34765,52084,41334,4561,4181,62
265,33711,52812,41171,4561,4181,61
272,33508,53021,41174,4561,4181,62
275,34704,51513,41018,4561,4181,60
277,33547,52826,41096,4561,4181,61
280,34062,52411,41146,4561,4181,57
284,34132,52027,40989,4561,4181,63
285,35152,51183,41077,4561,4181,62
287,34012,52627,41229,4561,4181,62
288,34582,51647,41024,4561,4181,61
289,33527,52480,40913,4561,4181,61
290,33540,52937,41148,4561,4181,55
294,34073,52460,41176,4561,4181,63
296,33540,52893,41126,4561,4181,63
301,33553,52716,41044,4561,4181,65
303,35151,51160,41065,4561,4181,63
304,34197,52428,41222,4561,4181,63
307,34442,51749,41005,4561,4181,65
309,32521,53592,40966,4561,4181,55
311,34100,52975,41447,4561,4181,61
312,33727,52506,41026,4561,4181,62
313,34307,52064,41095,4561,4181,63
314,33539,52548,40953,4561,4181,63
320,32083,54234,41068,4561,4181,62
322,32587,54744,41575,4561,4181,59
325,34524,51599,40971,4561,4181,61
326,35262,51049,41065,4561,4181,62
327,34067,54432,42159,4561,4181,59
333,33799,52458,41038,4561,4181,63
344,34346,51939,41052,4561,4181,62
353,32861,53194,40937,4561,4181,56
358,33071,53240,41065,4561,4181,61
364,34420,51813,41026,4561,4181,63
365,33445,52582,40923,4561,4181,62
368,33519,53068,41203,4561,4181,65
370,33827,52388,41017,4561,4181,63
373,35124,51521,41232,4561,4181,56
374,34008,52195,41011,4561,4181,63
377,33580,52995,41197,4561,4181,61
378,34380,52183,41191,4561,4181,62
382,33020,53821,41330,4561,4181,49
383,33911,52402,41066,4561,4181,59
385,34264,52001,41042,4561,4181,62
389,35426,50897,41071,4561,4181,63
391,33170,53029,41009,4561,4181,60
392,34534,52157,41255,4561,4181,61
395,32709,54120,41324,4561,4181,63
396,34328,52005,41076,4561,4181,63
400,34674,51741,41117,4561,4181,61
403,34653,51730,41101,4561,4181,62
404,32849,53524,41096,4561,4181,62
406,32718,53559,41048,4561,4181,60
410,34553,51720,41046,4561,4181,54
414,33350,52963,41066,4561,4181,60
415,33368,52881,41034,4561,4181,58
417,34865,51378,41031,4561,4181,61
426,33840,52861,41260,4561,4181,62
431,34941,51706,41233,4561,4181,61
436,32486,54027,41166,4561,4181,61
437,34058,52563,41220,4561,4181,55
438,34662,51661,41071,4561,4181,58
440,33752,52561,41066,4561,4181,62
441,34147,53244,41605,4561,4181,58
443,33036,53367,41111,4561,4181,60
446,33358,54013,41595,4561,4181,62
448,33567,53300,41343,4561,4181,51
449,34767,51964,41275,4561,4181,56
455,34384,51785,40994,4561,4181,63
456,34091,52632,41271,4561,4181,56
457,34490,51863,41086,4561,4181,54
460,35003,51164,40993,4561,4181,59
463,32341,54746,41453,4561,4181,59
466,33405,52908,41066,4561,4181,58
470,34403,52140,41181,4561,4181,62
471,35150,51349,41159,4561,4181,49
474,34431,52666,41458,4561,4181,63
476,33764,53037,41310,4561,4181,49
478,33336,53293,41224,4561,4181,56
479,35426,50693,40969,4561,4181,55
480,33804,52795,41209,4561,4181,62
491,34365,52140,41162,4561,4181,62
492,33875,52440,41067,4561,4181,61
494,33760,53327,41453,4561,4181,57
496,32263,54582,41332,4561,4181,61
502,34555,52664,41519,4561,4181,58
508,35025,51160,41002,4561,4181,60
512,35252,50845,40958,4561,4181,61
513,34109,52428,41178,4561,4181,61
515,34154,51903,40938,4561,4181,58
517,33625,52834,41139,4561,4181,61
520,33560,52501,40940,4561,4181,64
526,34953,51972,41372,4561,4181,58
527,33668,52409,40948,4561,4181,63
528,33572,52525,40958,4561,4181,60
532,33054,53571,41222,4561,4181,61
533,34438,51859,41058,4561,4181,62
537,34340,51593,40876,4561,4181,62
538,32625,53846,41145,4561,4181,59
539,33524,52455,40899,4561,4181,63
543,34904,51555,41139,4561,4181,58
544,33004,53537,41180,4561,4181,58
546,33397,53006,41111,4561,4181,59
549,35050,51291,41080,4561,4181,62
553,34275,51932,41013,4561,4181,63
554,33669,52706,41097,4561,4181,61
555,33125,53934,41439,4561,4181,61
557,32914,53769,41251,4561,4181,61
560,33273,53422,41257,4561,4181,63
561,34319,52208,41173,4561,4181,63
568,33763,53240,41411,4561,4181,57
570,32302,54115,41118,4561,4181,64
571,33828,52703,41175,4561,4181,56
574,33408,53101,41164,4561,4181,56
580,32377,54506,41351,4561,4181,61
582,33580,53053,41226,4561,4181,50
587,34018,52319,41078,4561,4181,54
589,34776,51779,41187,4561,4181,58
592,32764,53801,41192,4561,4181,65
595,33408,53323,41275,4561,4181,63
596,34045,52288,41076,4561,4181,63
602,34490,52265,41287,4561,4181,60
604,33243,52900,40981,4561,4181,57
605,34271,51752,40921,4561,4181,63
606,33503,53100,41211,4561,4181,66
612,34011,53238,41534,4561,4181,58
614,34586,51459,40932,4561,4181,64
615,34949,51284,41026,4561,4181,63
618,34219,52652,41345,4561,4181,63
623,32975,54032,41413,4561,4181,49
625,34530,51771,41060,4561,4181,62
626,32530,54081,41215,4561,4181,63
638,34253,52296,41184,4561,4181,62
640,33872,52319,41005,4561,4181,62
642,33698,52705,41111,4561,4181,60
643,34119,52444,41191,4561,4181,56
644,34724,51543,41043,4561,4181,62
646,34307,52402,41264,4561,4181,50
647,34822,51269,40955,4561,4181,61
652,34294,51889,41001,4561,4181,55
655,35273,51442,41267,4561,4181,61
656,34753,51324,40948,4561,4181,61
658,35187,51068,41037,4561,4181,62
659,33381,52684,40942,4561,4181,64
662,34443,52214,41238,4561,4181,63
664,34153,52214,41093,4561,4181,63
665,33975,52764,41279,4561,4181,58
668,33726,52449,40997,4561,4181,62
669,33523,52932,41137,4561,4181,59
671,33576,52905,41150,4561,4181,54
675,34373,52068,41130,4561,4181,55
679,34236,51665,40860,4561,4181,62
680,32717,54166,41351,4561,4181,61
681,34381,52416,41308,4561,4181,61
683,34547,51566,40966,4561,4181,58
684,32759,53926,41252,4561,4181,61
686,33879,52262,40980,4561,4181,62
691,34022,52369,41105,4561,4181,61
692,35209,50796,40912,4561,4181,62
694,34184,52505,41254,4561,4181,49
695,34588,51823,41115,4561,4181,62
696,33642,52995,41228,4561,4181,61
697,33743,52836,41199,4561,4181,54
698,33283,53774,41438,4561,4181,60
699,33778,52753,41175,4561,4181,62
700,32543,53632,40997,4561,4181,61
703,34468,51913,41100,4561,4181,55
704,34653,51968,41220,4561,4181,62
708,34760,51695,41137,4561,4181,62
715,33886,52251,40978,4561,4181,62
716,35138,51481,41219,4561,4181,49
721,34525,51720,41032,4561,4181,62
722,34262,52333,41207,4561,4181,62
723,33561,53108,41244,4561,4181,60
736,34440,52689,41474,4561,4181,57
743,34802,52015,41318,4561,4181,60
746,34338,52959,41558,4561,4181,62
750,34212,52649,41340,4561,4181,59
756,34141,52274,41117,4561,4181,57
758,34515,52036,41185,4561,4181,61
761,34927,51234,40990,4561,4181,63
765,34317,52326,41231,4561,4181,62
768,32787,53346,40976,4561,4181,62
769,33407,52504,40865,4561,4181,62
770,34366,51869,41027,4561,4181,62
774,33629,53030,41239,4561,4181,61
775,33654,53123,41298,4561,4181,58
776,34012,52735,41283,4561,4181,61
778,33525,52834,41089,4561,4181,61
781,33618,52681,41059,4561,4181,58
784,33969,52612,41200,4561,4181,62
793,34553,51614,40993,4561,4181,60
794,33867,52962,41324,4561,4181,50
797,34264,52655,41369,4561,4181,61
800,33861,52846,41263,4561,4181,57
801,34562,51999,41190,4561,4181,61
803,33285,52896,41000,4561,4181,63
805,33658,52453,40965,4561,4181,56
810,34770,51787,41188,4561,4181,59
815,35030,51191,41020,4561,4181,58
820,35320,51075,41107,4561,4181,61
823,33967,52716,41251,4561,4181,60
830,34078,52897,41397,4561,4181,49
831,34489,51980,41144,4561,4181,63
832,34844,51981,41322,4561,4181,55
841,33976,52475,41135,4561,4181,61
843,33014,53627,41230,4561,4181,60
847,33911,52442,41086,4561,4181,61
849,35182,51133,41067,4561,4181,63
850,34124,51983,40963,4561,4181,60
853,32847,53246,40956,4561,4181,63
855,34809,52018,41323,4561,4181,61
857,33508,52787,41057,4561,4181,63
861,34280,52269,41184,4561,4181,65
862,33368,52733,40960,4561,4181,63
864,33505,52778,41051,4561,4181,58
877,32751,53428,40999,4561,4181,62
880,34793,52054,41333,4561,4181,54
883,32339,54108,41133,4561,4181,55
889,35160,51123,41051,4561,4181,63
895,33644,52621,41042,4561,4181,64
897,32853,53838,41255,4561,4181,60
901,34319,51986,41062,4561,4181,62
903,34775,51878,41236,4561,4181,49
904,33487,53534,41420,4561,4181,65
905,33981,52798,41299,4561,4181,54
915,34623,51572,41007,4561,4181,61
916,33890,53149,41429,4561,4181,52
917,34251,51954,41012,4561,4181,61
928,34727,51756,41151,4561,4181,57
931,33330,53153,41151,4561,4181,56
932,34525,51566,40955,4561,4181,59
933,33040,53659,41259,4561,4181,60
935,33840,53289,41474,4561,4181,62
938,32984,53619,41211,4561,4181,61
939,35114,51737,41335,4561,4181,60
943,32825,53948,41296,4561,4181,63
946,33643,52906,41184,4561,4181,58
947,33311,53070,41100,4561,4181,61
952,34104,52285,41104,4561,4181,59
954,35561,51174,41277,4561,4181,61
959,34033,52682,41267,4561,4181,64
960,34533,52062,41207,4561,4181,62
964,34400,52481,41350,4561,4181,61
968,35086,51253,41079,4561,4181,55
973,32460,53903,41091,4561,4181,64
974,33642,52785,41123,4561,4181,54
975,34975,52238,41516,4561,4181,62
982,35455,51168,41221,4561,4181,56
991,34652,51963,41217,4561,4181,57
994,33682,52985,41243,4561,4181,63
996,33129,53574,41261,4561,4181,64
997,33589,53372,41390,4561,4181,58
998,34688,52137,41322,4561,4181,49
1000,33971,52678,41234,4561,4181,62
1001,33536,52655,41005,4561,4181,63
1006,33529,52874,41111,4561,4181,59
1007,34216,52195,41115,4561,4181,63
1008,33035,53332,41093,4561,4181,62
1014,33687,52768,41137,4561,4181,64
1015,34140,52045,41002,4561,4181,63
1018,33519,52542,40940,4561,4181,62
1019,34025,52822,41333,4561,4181,54
1031,35726,51253,41399,4561,4181,57
1036,33756,53407,41491,4561,4181,62
1041,32838,54743,41700,4561,4181,54
1045,33647,52974,41220,4561,4181,62
1046,34115,52258,41096,4561,4181,65
1048,33671,52290,40890,4561,4181,63
1049,33575,53050,41222,4561,4181,62
1052,33551,53698,41534,4561,4181,61
1053,34025,52216,41030,4561,4181,64
1054,34362,51687,40934,4561,4181,64
1055,33312,53019,41075,4561,4181,64
1056,33289,52932,41020,4561,4181,59
1059,34097,52434,41175,4561,4181,58
1060,33195,53642,41328,4561,4181,62
1061,33226,52869,40957,4561,4181,61
1063,33485,53482,41393,4561,4181,63
1066,34313,51872,41002,4561,4181,63
1081,35133,52828,41890,4561,4181,53
1086,34997,51460,41138,4561,4181,56
1087,33562,53711,41546,4561,4181,54
1096,33555,53736,41555,4561,4181,50
1097,34538,51575,40966,4561,4181,60
1099,33249,53110,41089,4561,4181,65
1101,32205,54204,41114,4561,4181,63
1102,33781,53100,41350,4561,4181,59
1103,33868,52619,41153,4561,4181,62
1111,33280,53269,41184,4561,4181,61
1113,33243,53122,41092,4561,4181,64
1115,33555,53362,41368,4561,4181,52
1117,34411,52360,41295,4561,4181,49
1129,35008,52607,41717,4561,4181,61
1131,33914,52873,41303,4561,4181,59
1136,33607,52958,41192,4561,4181,58
1137,32653,54018,41245,4561,4181,56
1143,33391,52820,41015,4561,4181,61
1144,32354,54465,41319,4561,4181,62
1150,34620,51877,41158,4561,4181,61
1151,34159,52428,41203,4561,4181,58
1153,33790,52785,41197,4561,4181,61
1158,32401,54128,41174,4561,4181,64
1161,33834,52709,41181,4561,4181,61
1163,33831,52780,41215,4561,4181,61
1168,35017,51202,41019,4561,4181,53
1176,34734,51631,41092,4561,4181,62
1180,33807,52322,40974,4561,4181,61
1181,33059,53648,41263,4561,4181,55
1182,33950,52933,41351,4561,4181,63
1184,32915,53402,41068,4561,4181,59
1189,34404,51915,41069,4561,4181,61
1193,34518,52741,41539,4561,4181,62
1196,33902,52187,40954,4561,4181,62
1198,34186,52555,41280,4561,4181,56
1199,32811,53586,41108,4561,4181,60
1207,33915,53474,41604,4561,4181,63
1208,32063,54092,40987,4561,4181,63
1211,33164,53025,41004,4561,4181,61
1212,34920,51309,41024,4561,4181,60
1216,34607,51872,41149,4561,4181,57
1221,34890,51513,41111,4561,4181,57
1222,33609,52398,40913,4561,4181,62
1238,33748,52437,41002,4561,4181,63
1241,33866,53027,41356,4561,4181,53
1242,34637,51902,41179,4561,4181,62
1250,34713,51698,41115,4561,4181,62
1251,34171,52530,41260,4561,4181,61
1252,34810,51699,41164,4561,4181,60
1257,34909,51520,41124,4561,4181,62
1258,32385,54238,41221,4561,4181,61
1261,34313,52252,41192,4561,4181,60
1264,34454,52293,41283,4561,4181,64
1268,32518,53757,41047,4561,4181,63
1272,33597,53576,41496,4561,4181,61
1276,33748,52667,41117,4561,4181,54
1277,32554,54237,41305,4561,4181,56
1281,33128,53069,41008,4561,4181,59
1282,34391,52958,41584,4561,4181,54
1284,33065,53366,41125,4561,4181,61
1288,33580,53063,41231,4561,4181,56
1289,34114,52051,40992,4561,4181,62
1290,33569,52800,41094,4561,4181,65
1291,33224,53541,41292,4561,4181,49
1292,34648,51687,41077,4561,4181,62
1297,34003,52584,41203,4561,4181,61
1298,34470,52491,41390,4561,4181,58
1300,34003,52752,41287,4561,4181,56
1303,32841,54266,41463,4561,4181,62
1304,34331,52454,41302,4561,4181,56
1305,33420,53527,41383,4561,4181,60
1306,33380,52753,40976,4561,4181,63
1307,33861,52304,40992,4561,4181,61
1309,34567,51434,40910,4561,4181,57
1313,34669,51544,41016,4561,4181,62
1314,33366,53593,41389,4561,4181,63
1321,33733,52506,41029,4561,4181,60
1324,33952,52305,41038,4561,4181,63
1325,34305,52390,41257,4561,4181,60
1343,34445,52560,41412,4561,4181,49
1346,34446,51985,41125,4561,4181,63
1349,32546,53859,41112,4561,4181,61
1356,34058,52177,41027,4561,4181,61
1357,34493,51734,41023,4561,4181,64
1358,33435,53058,41156,4561,4181,61
1363,34454,52259,41266,4561,4181,61
1370,34204,52001,41012,4561,4181,63
1371,33255,53000,41037,4561,4181,62
1372,34104,52929,41426,4561,4181,50
1373,33830,52735,41192,4561,4181,59
1374,33620,52619,41029,4561,4181,65
1375,34702,51641,41081,4561,4181,62
1378,34675,51788,41141,4561,4181,61
1383,33774,53019,41306,4561,4181,49
1384,35198,51353,41185,4561,4181,61
1385,34939,51504,41131,4561,4181,61
1386,33794,52149,40881,4561,4181,61
1387,33726,52503,41024,4561,4181,62
1392,33559,52762,41070,4561,4181,61
1401,34226,52039,41042,4561,4181,62
1403,33679,52480,40989,4561,4181,59
1404,33478,53101,41199,4561,4181,63
1405,35212,51113,41072,4561,4181,56
1419,32446,53857,41061,4561,4181,61
1422,35407,50802,41014,4561,4181,62
1423,35108,51453,41190,4561,4181,56
1431,35643,51070,41266,4561,4181,58
1432,34603,52058,41240,4561,4181,61
1435,32701,54412,41466,4561,4181,49
1438,34490,51931,41120,4561,4181,61
1440,35452,50917,41094,4561,4181,54
1441,33472,52683,40987,4561,4181,64
1442,33533,52972,41162,4561,4181,52
1443,35780,51161,41380,4561,4181,53
1445,33692,52813,41162,4561,4181,49
1450,33987,52174,40990,4561,4181,54
1455,33884,52503,41103,4561,4181,60
1458,34332,52099,41125,4561,4181,61
1466,33592,52541,40976,4561,4181,64
1468,33902,52777,41249,4561,4181,62
1469,33155,53408,41191,4561,4181,57
1471,35434,51083,41168,4561,4181,56
1474,34220,51977,41008,4561,4181,61
1476,32943,53360,41061,4561,4181,54
1479,35648,50937,41202,4561,4181,60
1480,34499,51884,41101,4561,4181,58
1481,34867,51252,40969,4561,4181,63
1482,33669,53000,41244,4561,4181,54
1487,33504,52719,41021,4561,4181,59
1489,34609,51848,41138,4561,4181,60
1490,34140,52487,41223,4561,4181,63
1494,32216,54369,41202,4561,4181,62
1495,33950,53313,41541,4561,4181,62
1496,34696,51735,41125,4561,4181,63
1499,33421,52760,41000,4561,4181,64
0,34241,52704,41382,4561,4181,55
1,35381,51356,41278,4561,4181,59
2,34092,52205,41058,4561,4181,63
3,34915,51622,41178,4561,4181,62
5,34135,52430,41192,4561,4181,62
8,34942,51435,41098,4561,4181,60
1032,34838,52721,41689,4561,4181,56
1033,33338,53771,41464,4561,4181,65
1034,33751,52734,41152,4561,4181,62
